No.,restoran,review,rating,sentimen
1,https://www.zomato.com/jakarta/turkuaz-senopati/reviews,Masakan turki dimasak oleh chef terkenal zezai zorlu. rasanya enak masih masuk untuk lidah orang indonesia. untuk harga relatif sesuai dengan rasa dan kualitas makanan.,5,positive
2,https://www.zomato.com/jakarta/turkuaz-senopati/reviews,"Kentang gorengnya kualitasnya tolong di perbaikin lg, kualitas dagingnya juga diperbaikin lg. Udah gt over price.. harusnya ada harga ada barang.. mahal gpp yg penting enak.",1,negative
3,https://www.zomato.com/jakarta/turkuaz-senopati/reviews,"Di tlfn untuk reservasi tidak ada info harus minimum payment, tapi setelah sampai baru di info bahwa ada minimum payment. Bukan masalah bayar toh kesini memang buat makan, tapi kalau ada minimum dimana mana di info saat masuk dan saat saya tlfn",1,negative
4,https://www.zomato.com/jakarta/turkuaz-senopati/reviews,"#turkuaz #dinner first time dateng kesini karna ultah temen, tempatnya dari luar biasa aja, pas sebelahnya loobie lobster, tapi begitu masuk lucuuu bgt dekorasinya, bener2 nuansa turkey bgt. untuk makanan menurut gue pricey sih tp soal rasa makanan disini enak2 bgt dan ukurannyaa yang bisa untuk sharing, servicenya juga memuaskan :)",4.5,positive
5,https://www.zomato.com/jakarta/view-fairmont-jakarta-senayan/reviews,"Hospitalitynya hotel bintang 5 nggak perlu diraguin lah ya, treatmentnya bagus banget.
Pertama duduk, langsung ditawarin mau air mineral sparkling atau normal (keduanya sama2 bayar ya)

Letaknya ada di lantai 22, yang mana keliatan kota jkt dr atas, kalo boleh jujur kesan pertama aku pas masuk disini tuh lebih ke classy aja, nggk sampe yang elegant, dan pertama dateng, sepi bgt.
Kalo untuk romantic dinner ini sih pas, tapi untuk lightingnya terlalu gelap sih sampe mau foto makanan aja mesti effort.

Untuk makanannya aku pesen yang set menu, yang 4 course untuk 2 pax, yang satu paxnya supplement wagyu.

Makanan dateng satu persatu dan dijelasin2 jg komposisi serta rasanya.
1. roti dengan mentega homemade.
2. semacem asinan
3. Tobiko dicampur keju
4. Semacem gado-gado

Terus beragam lainnya yang komposisinya buah-buah dan sayur, ada tartare jg atasnya buah anggur.
Karena aku nggk suka sayuran, jadi terasa aneh banget.

Sampe ke menu beefnya, satu beef cheek yang mana ini lembut banget nget nget.
Dan wagyu yang lembut jg, tapi nggk yang buat aku sampe wow gt sih.

Overall kalo dr segi makanan aku kurang suka, krn bukan selera aku aja sih, tapi untuk romantic dinner ini cukup oke.

1 botol air mineral normal(cukup besar), 1 pax 4 course, 1 pax 4 course supp wagyu total 2.020.000.",4,positive
6,https://www.zomato.com/jakarta/view-fairmont-jakarta-senayan/reviews,"Pas banget ada special occasion milih buat kesini, karna ada spesial menu gitu juga sih ""plant base"". Set menu dengan 16courses fine dining, sukaaaa banget! Menu2nya unik, menarik&akhirnya sempet juga coba yg kedua ini. Pelayanannya juga oke banget! Ramah. Ini sih tempatnya ga terlalu luas juga. Cucok deh buat dinner2 ala ala. Thankyou!",5,positive
7,https://www.zomato.com/jakarta/view-fairmont-jakarta-senayan/reviews,"Tempatnya quite cozy, interiornya slick dan mainly bar (bukan street bar / pub yg berantakan berasep) totalnya lebih ke kombinasi lounge and fine dine resto. Selain itu juga quiet / private karena ukurannya gak untuk ramai ramai dan lagunya calm beats semua.

Jenis makanannya unik dan cocok buat special day; pilih 8 course menu saja. Di layani oleh pak indra dengan penjelasan untuk setiap makanan unik yang di masak oleh chef lauren. Overall bagus rekomen untuk hari hari special, great fine dining experience.",5,positive
8,https://www.zomato.com/jakarta/view-fairmont-jakarta-senayan/reviews,"(25 juli 2087) celebrating birthday semalam di view. tempatnya masi gak berubah dari pertama gw dateng. semalam itu makan set gitu. special dari chef yang baik hati. beberapa menu keluar, dan enak semua. bahkan yang paling pedes justru yg paling enak hehehe. ntar gw post foto2nya ya. tempatnya cakep buat dinner. emang dibuka dinner aja sih. buat minum2 atau sekedar makan cantik. thanks fairmont for the lovely dinner.",5,positive
9,https://www.zomato.com/jakarta/view-fairmont-jakarta-senayan/reviews,"Kesan pertama ke tempat ini, tempat nya sepi. Di luar ekspetasi banget.
Pertama nya bingung main course nya cuma 4 pilihan. Tapi kata mas nya, 4 pilihan tapi dia yakin semua nya enak banget.
Yg gw pesen :
1. Octopus whatever glaze : 4/5 , not bad sih, mnrut gw dri semua yg gw psen, ini yg pling oke.
2. Five spiced barramundi : 3/5 , oke sih rasa nya tapi syg bgt barramundi nya gak mateng. Tpi langsung di gantiin yg baru sama chef nya. Good service. Dan setelah di gantiin yg baru, chef nya jga sempet keluar nyamperin kita. Dia blg dengan alasan termometer nya lagi rusak.
3. Wagyu beef striploin : 2/5 , menurut gw gak worthed, emang pesen yg medium sesuai rekomen dari waiters, tpi pas di makan alot banget. Sampe cape sndiri untuk ngunyah nya.
4. Flavors of kolak : 3/5 , biasa aja menurut gw. Seperti kolak pada umum nya.

But overall oke sih, krna pelayanan nya memuaskan. Waiters nya sigap banget. Cuma syang taste rasa nya biasa aja.",3.5,positive
10,https://www.zomato.com/jakarta/boogie-doggie-pet-cafe-kelapa-gading/reviews,"Gak nyangka ternyata di Kelapa Gading ada cafe yang gemesin banget, kenapa gemesin ya..karena disini selain kalian nongki2 cantik..kalian yang penyayang doggie cocok banget deh karena kalian bisa main sama guguk2 yang lucu loh..dan menu nya yg kita icip yaitu :

-. Lychee Upso
Minuman yang seger ini untuk rasanya ya std pada umum nya aja...gak ada yg special gitu

-. Cookies & Choco Delight
Dessert ini tampilan nya cantik, kalau untuk rasa si ya termasuk std juga si",3,negative
11,https://www.zomato.com/jakarta/boogie-doggie-pet-cafe-kelapa-gading/reviews,"Sabtu kemarin ngerayain ultah temen disini, tempatnya suka banget banyak anjing yang lucu2 bisa diajak main dan foto2. Suasananya suka bgt, ownernya ramah. Makanannya enak semua, kebanyakan cafe jual tempat tp ini makanannya enak2. Ada minimum order 70K/org. Dan untuk snack anjingnya 11K.",4,positive
12,https://www.zomato.com/jakarta/boogie-doggie-pet-cafe-kelapa-gading/reviews,"Ajak ade cewe ku kesini, dia seneng karena banyak anjing..
Untuk total bill lumayan berasa ya buat aku krn berdua ade habis 400++ ğŸ¤ª untuk pelayanan OK, tapi untuk tempat, namanya banyak anjing, kebersihannya kurang ok sih. Smell bad, sorry.",4,positive
13,https://www.zomato.com/jakarta/boogie-doggie-pet-cafe-kelapa-gading/reviews,"Dtg kesini pas lagi weekend. 1 orang di charge 70k, sudah termasuk order makanan dan minuman.. dan akhirnya saya order makanan dan minuman yg totalnya 70k, ternyata itu belom termasuk tax + service, jadinya satu orang bisa 100k an..
Untuk makanannya not bad. Yang cake gambar guguk itu ada 2 rasa, vanila dan coklat, saya order yg coklat dengan ekspetasi coklat manis, dan ternyata pahit coklatnya, seperti dark choco.

Anjingnya banyak dan baik2, manja2, lucu2..
Pelayanannya kurang memuaskan karna mba2nya juga ngejelasinnya kurang dipahami trus juga kasih menu ternyata salah..",3,negative
14,https://www.zomato.com/jakarta/boogie-doggie-pet-cafe-kelapa-gading/reviews,"Tertarik mengunjungi kafe ini bareng temen yang memang suka doggy. Lokasi resto nya berada di Gading Walk, tepatnya di sebelah Bakmi Naga.

Tempatnya sendiri ada yang indoor dan outdoor. Kalau yang indoor ber-ac dan kalian bisa main sama doggy, namun ada minimum spendingnya. Kalau weekdays minimum spending 50k seorang, kalau weekend minimum spending 70k seorang dengan waktu maksimal 2 jam.

Di sini kalian juga bisa kasih makan doggy. Namun harus bayar 11k per mangkuk kecil gitu buat kasih makan doggy nya. Di dalam kalian juga bebas berfoto. Sebelum masuk ke dalam ada aturan yang terpasang di dinding dan harus kalian baca dulu sebelum masuk demi keamanan dan kenyamanan bersama.",3,negative
15,https://www.zomato.com/jakarta/boogie-doggie-pet-cafe-kelapa-gading/reviews,"OMAGAAAAAH!!!
.
.
Bulldog mousse ini lucuuuuu bangets!!!
.
.
Awalnya ga tega banget buat dimakan karena selucu ituğŸ˜­ Terus karena takut meleleh akhirnya beraniin diri deh buat potong tu kepalanya duluğŸ”ªğŸ¶
.
.
Dan rasanya, walaaaah enak buangets! Karena terbuat dari dark chocolate, jadi paduan manis dan pahit coklatnya pas banget. Tekstur mousse nya juga lembut. Duh yumsss banget deh â¤ï¸
.
.
Ohya, disini min purchase 50k juga bisa langsung main dengan doggie asli lho! Ada pom2, samoyed, alaskan malamute, corgie, dll
.
.
Seru banget!!!! ğŸ¤—ğŸ¤—",4,positive
16,https://www.zomato.com/jakarta/bakmi-kepiting-kelapa-gading/reviews,"Udah lama nga makan bakmi ini, ternyata sekarang mangkoknya udah ganti bukan mangkok yang hitam lagi tapi pake semacam claypot gitu. Bakminya tasty, dilengkapi dengan topping ayam, bakso ikan, kepiting dan pangsit yang crunchy. Kuahnya agak asin, tapi overall rasanya yummy deh,recommended.",3.5,positive
17,https://www.zomato.com/jakarta/bakmi-kepiting-kelapa-gading/reviews,Lumayan lengkap isi mi kepiting nya. Rasa lumayan lah. Tempat di eat and eat juga lumayan nyaman. Harga masih acceptable. Tapi masih ada bakmi kepiting yang lebih enak dari ini.,3.5,positive
18,https://www.zomato.com/jakarta/dapoer-podjok-senayan/reviews,"Minggu kemarin kesini, kebetulan pengen masakan jawa atau sunda2 gitu.. akhirnya cobain disini.

Order
- nasi rames (2,5/5) Rp. 85.000 blm termasuk tax
- lychee tea

Nasi ramesnya kurang enak, lauknya juga biasa saja.. tapi untungnya masih ada sambal yang lumayan nolong untuk nasi dan lauknya. Malahan Lychee teanya yang enak klo menurutku.",2.5,negative
19,https://www.zomato.com/jakarta/dapoer-podjok-senayan/reviews,"Resto ini mempunyai smoking area yang cukup spacious. Area non smokingnya dibagian depan tidak terlalu besar. Tempatnya nyaman dan tidak seramai resto di sekelilingnya. Untuk makan malam pesan :  
 
*Soto Ayam (49.5++) â€“ Porsinya cukup besar, potongan ayamnya cukup banyak,tapi sayang rasa kuah sotonya datar banget kaldu ayamnya tidak terasa, potongan tomatnya juga ada yang tidak fresh jadi agak asem.  
 
*Tahu Telur (49.5k++) - telur dadar dan potongan tahu yang sedikit atasnya ada topping toge rebus, potongan daun seledri dan taburan bawang goreng. Tampilannya rapi di piring keramik putih dan ada sentuhan tradisional karena di alas dengan daun pisang. Sayang sekali rasanya asin banget, tahunya juga biasa saja, togenya kurang begitu fresh. 
 
Menurut saya kualitas makanan yang disajikan sangat di bawah ekspektasi tidak sesuai dengan harganya yang cukup mahal.",3,negative
20,https://www.zomato.com/jakarta/dapoer-podjok-senayan/reviews,"Disgusting banget. Aku mesen sate ayam, lontongnya basi dong :( dicampur sama yang fresh. Pas ku coba asem dan benyek. Satenya juga biasa aja. Gada yang istimewa. Ikannya, ya ampun kurus kurus banget sihhh. Harga lebih murah sih dibanding restoran lain. Kwetiau masih enakan si S.",2,negative
21,https://www.zomato.com/jakarta/dapoer-podjok-senayan/reviews,"Sungguh menyesakan menikmati mkn malam disini,ruangan yg dipenuhi asap rokok sungguh membuat tak nyaman,saya mencoba menu sop sum sum yg rasanya aneh,serta sumsum yg sdh terlepas dr tulangnya mengakibatkan hanya tulang yg memenuhi mangkuk...gak akan kembali lagi kesini",2,negative
22,https://www.zomato.com/jakarta/dapoer-podjok-senayan/reviews,"makanan mengecewakan dan ga sesuai sm gambar, gaada rasa, psn mi goreng jawa mi nya keras malah pke mi telor, otak2 kayak beli di tukang sayur ni maap ya, tahu gorengnya juga berminyak parah padahal semua makanannya cukup mahal tp tdk sebanding sm rasa dan harga.",1,negative
23,https://www.zomato.com/jakarta/dapoer-podjok-senayan/reviews,"Ga ngerti kenapa ratingnya jelek banget, tapi menurut gw makanannya lumayan banget kok.
We ordered pindang patin, sup iga, gado-gado, sate ayam. Diantara itu semua, sate ayamnya paling enak menurut gw.
Servicenya juga oke, mbaknya ramah dan lumayan cepet juga.",4,positive
24,https://www.zomato.com/jakarta/bakso-lapangan-tembak-senayan-senayan/reviews,"Pesen Ayam Kuluyuk, harga Rp 40.000,- tapi ayamnya tipis bgt tebelan adonannya, isinya juga cuma 6...

udah gtu makan kerupuk udh brp plastik, baru tau di salah satu plastik masih ada krupuknya sisa 2 ternyata ada belatungnya masih hidup -,- pas bilang ke pelayannya cuma dibawa doang itu kerupuk tapi gada blg maaf atau apa gtu... gimana SOP nya yah ini ??? padahal disitu juga ada Supervisor nya yang jaga tapi tidak ada permintaan maaf.. Seharusnya tadi kerupuk yang ada belatungnya saya foto dan saya masukin review aja biar pada tau bagaimana kondisi makanan yang ada disini..

Umtuk Service para pelayannya tidak ada yang ramah, muka gada senyumÂ²nya, bahkan setelah kita kasih tau kalo ada belatung di kerupuknya..

Tolong diperbaiki Pelayanan dan SOP nya yang betul!! Sangat membuat tidak nyaman!",1,negative
25,https://www.zomato.com/jakarta/bakso-lapangan-tembak-senayan-senayan/reviews,makanannya memang enak namun saya memesan es jeruk dan pertama es jeruk saya di gelasnya ada bekas lipstick dan juga ada rambut di dalam es jeruk saya. semoga hygiene bisa di tingkatian.,1,negative
26,https://www.zomato.com/jakarta/bakso-lapangan-tembak-senayan-senayan/reviews,"Pelayanannya semakin kurang baik makin kesini. Sebelumnya makan disini dan ada lalat hijau di mangkok baru tau setelah makanan udah mau abis pula. Hari ini kesana pelayanya ga ramah, nyatet menu aja mesti berkali kali di omongin dan salah melulu. Pas makananya dateng, bener aja salah dan ga sesuai sama yg dipesen. Minta diganti, makananya ga dateng-dateng sampe orang lain yg ikut makan bareng gue udah pada kelar makan. As per today i will never visit this restaurant ever again!",1,negative
27,https://www.zomato.com/jakarta/bakso-lapangan-tembak-senayan-senayan/reviews,"Agak pricey menurutku cuma sebanding sama rasanya. baksonya enak dan nasi gorengnya juga enak. tempatnya juga lumayan luas, cocok buat ngumpul-ngumpul keluarga.",4,positive
28,https://www.zomato.com/jakarta/bakso-lapangan-tembak-senayan-senayan/reviews,"â€» Mie Yamin manis (24k)

Mienya porsinya banyak bikin kekenyangan, teksturnya pas. Gausa ditambahin apa apa lagi uda maknyus. Ayamnya oke walaupun alakadarnya (klo banyak2 rugi keleus)
Sawi juga hadir turut serta menyehatkan
Kaldu dipisah , simple kenyang",3,negative
29,https://www.zomato.com/jakarta/bakso-lapangan-tembak-senayan-senayan/reviews,"Kesini jam makan malem. Nggak terlalu rame. Jaman dulu kalo kesini kayaknya harganya mahal banget, sekarang entah jadi lebih murah apa gimana ğŸ˜… baksonya enakkkk, kuahnya kurang rasa dikit. Tempatnya juga enak, dan pelayannya ramah-ramah. Pesen dim sum siomay juga, tapi terlalu lembek dan kurang rasa, overal oke.",3,negative
30,https://www.zomato.com/jakarta/bakso-lapangan-tembak-senayan-senayan/reviews,"Pertama kali makan bakso lapangan tembak senayan yang di senayan ini.
Letaknya persis di kelurahan, jadi parkirnya gabung sama orang dinas kelurahan.
Wkt kesini masih sepi jd pelanggan pertama dehğŸ˜‚
Tempatnya nyaman bangettğŸ‘ğŸ¼ BersihğŸ‘ğŸ¼ Dingin (AC)ğŸ‘ğŸ¼
Bagian dalem restonya nuansa betawi banget, sampai ke wastafel & toilet kyk jaman dulu jadi unik bangetğŸ‘ğŸ¼
Makanan yg sya pesan bakso istimewa, bakso spesial, nasgor lapangan tembak, dimsum lumpia dan dimsum siomay.
Baksonya disini enak gatau kenapa beda sama outlet yg di daerah taman miniğŸ‘ğŸ¼
Dimsum lumpia dan siomay dua duanya ENAK BGTğŸ˜©
Ga nyesel deh pesen lumpia padahal tadinya cuma mau â€œnyobaâ€ğŸ˜…
Maaf ga ada foto makanannya, udah habis dluanğŸ˜‚ğŸ˜…
Thatâ€™s my reviewğŸ˜Š",4,positive
31,https://www.zomato.com/jakarta/bakso-lapangan-tembak-senayan-senayan/reviews,"Tempat yang udah lama ada, tapi yang lokasi sekarang ini baru pertama kali datang. Parkir nya agak sulit karena bareng gedung pemerintahan ya. Tapi bisa ada yang atur. Untuk bakso nya sendiri memang top tadi pesan bakso urat sama bihun. Nasi goreng ikan asin itu cuma nasi goreng telur diatas nya dikasi ikan asin 2 potong. Sate kambing nya termasuk keras walaupun saya toleransi tinggi.",3,negative
32,https://www.zomato.com/jakarta/nasi-kapau-sodagar-dharmawangsa/reviews,"Makan disini tuh pilihannya banyak. Jadi bingung mau yang mana, mau ini mau itu mau semuanya. Dan makanannya pun enak.",5,positive
33,https://www.zomato.com/jakarta/nasi-kapau-sodagar-dharmawangsa/reviews,Nasi kapau di daerah panglima polim inj tergolong baru. Jenis makanannya cukup banyak. Dateng langsung pilih dan tunjuk . Tersedia juga nasi merah. Harga menyesuaikan tempat dan lokasi. Menarik untuk bisa dateng makan lagi ..,3,negative
34,https://www.zomato.com/jakarta/nasi-kapau-sodagar-dharmawangsa/reviews,"Nasi Kapau Sodagar ini lokasinya di ex Straits Canteen. Tempatnya cukup spacious, interiornya modern dan simple. Pilihan lauknya juga cukup banyak. Ada juga menu paketan: Full Kapau Experience (53k++) Nasi kapau yang dilengkapi dengan gulai kapau, rendang ubi, tambusu + Talur barendo dan kerupuk kulit. Adapula paket Nasi dengan ayam bakar dan dendeng batokok + kerupuk kulit dan Nasi dengan tunjang + gulai otak (60k++). Menu ini hanya dipromosikan di banner saja dan tidak di informasikan oleh pegawainya. Jadi kalau ke sini coba cek menunya siapa tau cocok dengan menu paketannya. Kebetulan saya lebih tertarik dengan lauk2 yang lainnya. Saya pilih :

*Nasi putih (10k++) - Di sini pilihan nasinya ada nasi merah juga. Tapi kalau makanan Padang kayaknya lebih seru kalau makannya pake nasi putih ya. Nasi kapaunya sendiri sudah dapat lauk gulai kapau (sayur nangka), sayur singkong rebus, rendang ubi dan sambal merah dan hijau. Sayur nangkanya enak, sayur singkongnya fresh, rendang ubinya agak keras tapi enak. Sambal merah dan sambal hijaunya enak tapi tidak pedas.Sambal hijau ada campuran terinya, enak deh.

*Prekedel (13k++) - Prekedelnya berukuran besar dan padat. Bisa sharing. Rasanya juga enak.

*Dendeng batokok (26k++) - Dendeng batokoknya berukuran besar, tidak terlalu tipis, cukup empuk, sambal hijaunya juga enak tapi tidak pedas. Overall tastenya enak tapi bukan yang istimewa banget.

*Rendang Daging Sapi (23k++) - Rendang Daging sapi ini bumbunya enak banget, tapi sayang dagingnya keras banget.

Makanan yang saya pesan ini overall tastenya enak dan kaya bumbu, hanya daging rendangnya saja yang keras. Minuman paling murah air mineral (10k++).

Masih penasaran dengan Talua Barendo yang katanya enak, saya pasti akan balik lagi untuk mencoba menu yang lainnya. Recommended.",4,positive
35,https://www.zomato.com/jakarta/nasi-kapau-sodagar-dharmawangsa/reviews,"Padang yang merupakan turunan dari nasi kapau minang bukit tinggi, saya baru cobain, sy lihat foto2nya yg lain menarik, tp fidak sebagus yang saya makan, nasinya kelihatannya sih terlalu lama dipanasin dan kelihatan sudah tdk pulen, ubinya keras, krupuk kulitnya jg banyak yg keras seperti kurang ngembang, dendengnya saja yang so so, dan perkedelnya yang hambar mungkin harus pake soto padang, usus sapi isinya kebanyakan tahu, rasa cumi isi telur jg tak seenak harapan saya..
Unt kepala ikan dan ikan bakar saya belum sempet cobain. Oh ya sy cuma bisa bilang rekomendasinya telur dadarnya yg enak..",3,negative
36,https://www.zomato.com/jakarta/nasi-kapau-sodagar-dharmawangsa/reviews,"Nasi kapaunya enaaaak.. nyobain gulai tunjang dan alamak sedapnyooo! Singkong rendangnya juga enak, krispi2 gitu.. sambelnya dikasih 2 jenis, sambel ijo dan merah. Sambel ijonya favorit gue sih, ada ikan terinya di sambel ijonya jadi berasa gurihnya. Total makan segini sama minumnya aqua sekitar 58k. Will definetely try other menus! Next time pengen nyobain punuk dagingnyaa",5,positive
37,https://www.zomato.com/jakarta/maquis-senayan/reviews,Suka sm kue2nya maqui terutama macaroon and cheese cakenya favoritku selalu yg GreenTea sm Vanilla biasanya beli sm cheese cakenya kali ini mau beli Macaroonnya aja harganya murah cuma 11k dan belum naik since first bought this in 2014/2015 and not too sweet,4.5,positive
38,https://www.zomato.com/jakarta/maquis-senayan/reviews,"Krn dapet samsung gift, saya claim gratisan disini.

Saya pilih custard pudding & chocolate mini cake.

Puddingnya menurut saya kemanisan caramelnya. Mini cakenya enak. Oya saja jg coba yg edam mini cake. Ini paling enak. Jadi ini dari keju edam rasanya manis gurih",3.5,positive
39,https://www.zomato.com/jakarta/maquis-senayan/reviews,"Rasa: mini cake disini paling rekomendasi banget. Rasanya yang premium dan berbagai macam, pudingnya juga lembut dan manisnya pas.

Suasana: kebetulan maquis disini tidak ada tempat nongkrongnya seperti kebanyakan cabang lainnya.

Harga: tidak murah untuk sebuah cake yang tergolong kecil menurut saya. Note: cari voucher untuk diskon.

Pelayanan: karena ini convenient store island, jadi tidak ada pelayanan yang spesifik.

Kebersihan: saya rasa bersih.",3.5,positive
40,https://www.zomato.com/jakarta/maquis-senayan/reviews,"All cheese please, keju semua ya Mba, itu kayaknya order saya selalu setiap kesini. Dimanapun cabangnya kalau beli Maqui selalu cheese aja karena for me dari awal coba memang cheese nya paling enak dibanding rasa2 lainnya. Biarpun sekarang udah banyak cheese pie, maqui tetep sustain dgn rasa yang light dan tasty. Pas bgt buat ngopi dan ngeteh sore2 dirumah.",3.5,positive
41,https://www.zomato.com/jakarta/man-man-unagi-senopati/reviews,"kesini uda beberapa lama yg lalu sih sebenarnya. pas masuk langsung disambut ama waitress yang friendly mungkin krn saat itu juga gak begitu rame. saya sendiri bukan pecinta unagi, jadi pesan set yang mix salmon. overall sih makanannya enak, salmon dan unaginya juga fresh. cuman untuk harganya cukup mahal dan waktu dari order sampai makanan dihidangkan juga cukup lama.",4,positive
42,https://www.zomato.com/jakarta/man-man-unagi-senopati/reviews,"Karena lagi ngiler makan Unagi dan kebetulan deket rumah, akhirnya sy mencoba untuk makan disini.

First impression, tempatnya bagus, suasananya enak dan bersih. Menunya juga simpel.

Tapi yang bikin sy khawatir karena hanya sy dgn keluarga sy aja 1-1nya customer di restoran ini padahal lagi jam makan siang

Pesen 3 menu Unagi dan 3-3nya tidak enak. Unaginya ada bau tanah jadi nafsu makan berkurang. Karena harganya jg mahal akhirnya sy habisin. Pesen Salmon Sashiminya jg tidak fresh. Yang enak disini hanya Tempuranya itupun pakai saus.

Total harganya 1 juta dan rasa sangat mengecewekan.",1,negative
43,https://www.zomato.com/jakarta/man-man-unagi-senopati/reviews,"â€¢ Masuk ke dalem buka tutup pintu sendiri, kaya ga ada penghuni nya.

â€¢ Habis pesen makanan, trs liat2 dapurnya, sempet liat jg ada pegawai yg ngaso duduk selonjoran gitu sambil maenan hp di kolong. Saran aja klo mau istirahat jng di area makan, sekalipun itu tempat lg sepi.
â€¢ B aja, ga nemuin rasa yg spesial dr hidangan yg saya pesan.
â€¢ satu lg, belut cmpur telor ( di mix ) gitu, jg Biasa aja.
â€¢ Makanannya dingin
â€¢ Meja yg ada slidingdoor banyak debu nya..itu klo di tutup, posisi kepala sejajar sama debu, samping2an ğŸ˜
â€¢ Total semuanya hampir 700 buat hidangan belut, Kurang sih.",3,negative
44,https://www.zomato.com/jakarta/man-man-unagi-senopati/reviews,"Sebenernya kalo kualitas makanan buruk aja gw ga bakal kasih review jelek disini sih, ini unaginya bener2 bau tanah, ga enak, trus wagyu hot stone nya alot, sperti daging trimmingan, terlihat di foto jelas bukan wagyu yang dipakai, trus pas saya complain lewat review di ig story, ig saya diblock sama adminnya ğŸ¤£ğŸ‘ğŸ‘ LUARBIASAK",1,negative
45,https://www.zomato.com/jakarta/man-man-unagi-senopati/reviews,"Pertama kali masuk yang tercium adalah bau amis dari kolam/bak untuk belut nyağŸ¤£.

Saya pesan unagi kabayaki 170rb, untuk rasa sih oke seperti unagi2 pada umum nya. Yang disayang kan adalah daging unagi nya tergolong tipis dan setelah saya tanyakan pada server nya itu dikarenakan mereka menggunakan belut lokalğŸ˜®. Selain itu yang menurutku kurang adalah waku datang unagi nya dingin dan kering, ditambah dengan tipis makin jadi deh ğŸ¤£

Untuk wasabi nya waktu itu habis untuk yg freshly shaved jadi hanya ada paste tpi menurutku wasabi disini paste nya enak dan nendang ga seperti paste di sushi mallğŸ˜˜ğŸ‘

Overall aga kecewa untuk unagi nya",3,negative
46,https://www.zomato.com/jakarta/coco-ichibanya-curry-gandaria/reviews,Ya udah lah ya kayanya rata-rata udah tau gimana enaknya curry house yang satu ini haha,5,positive
47,https://www.zomato.com/jakarta/coco-ichibanya-curry-gandaria/reviews,"Bagi para penikmat kuliner khususnya masakan Jepang, tentu sudah tidak asing lagi dengan restaurant ini... Restaurant yang berasal dari Jepang ini menyediakan berbagai macam aneka menu Curry dan Omelette..

Kebetulan saya bersama dengan teman2 memesan empat macam menu dan menurut kita rasa makanannya pun lezat dan gurih, sehingga tentu tidak boleh dilewatkan begitu saja... Jangan lupa bagi yang mau makan di sini, harus siap2 dengan perutnya ya... Karena porsi dari setiap menu di sini cukup besar lho...",5,positive
48,https://www.zomato.com/jakarta/coco-ichibanya-curry-gandaria/reviews,"Pesan minched beef omelete and rice. Porsinya cukup kecil untuk harga 77ribu. Beef nya sedikit. Pelayanannya kurang oke, pramuniaga2nya kurang ramah dan kurang sigap. Minta bill, ga dikasih2.
Minumnya ga enak. Saya pesen es lemon tea dan es leci tea. Ga berasa lemon dan lecinya.",3,negative
49,https://www.zomato.com/jakarta/coco-ichibanya-curry-gandaria/reviews,"Setelah cukup lama ga jajan curry rice di coco ichibanya, akhirnya gw ada waktu buat jajan ini lagi. Gw mampir ke outlet yang di Gancit, lokasinya di lantai UG yg ada barisan tenant makanan. Tempatnya ada di dalam dan luar outlet, untuk seatingnya cukup nyaman. Gw pesan menu mix chicken cutlet dengan fried chicken curry rice. Nasinya bisa pilih mau ukuran minim, standard atau extra. Tingkat pedasnya juga ada level dari level 1-5, isinya curry rice dengan chicken cutlet dan fried chicken alias karage. Gw pesan nasi normal size dan walau demikian porsinya sudah cukup banyak mwnurut gw. Curry nya enak, kental dan bumbunya juga pas ga overpowered. Untuk ayamnya matang dengan baik dan ga sampe kering.",5,positive
50,https://www.zomato.com/jakarta/coco-ichibanya-curry-gandaria/reviews,"Gak ada masalah sama makanannya.
Karinya enak, saladnya enak, customer service juga ya okelah. Tapi terlihat dari luar dapur, ada staff (di dapur) yang berkeliaran tanpa masker dan mengobrol bebas (bahkan sering menyentuh wajah dan hidung). Mungkin staff sedang siap2 pulang, tapi dapur adalah tempat penyiapan makanan.

Saya beli take away, tetap selalu pakai masker. Staff yang di dapur kenapa lepas masker?

Saya melihat ada 2 staff yang lepas masker sebelum siap2 pulang (keluar toko pakai masker, kenapa di dalam tidak pakai?). Kecewa sekali. Pengunjung masuk bahkan dicek suhu tubuh, tetapi di dalam dapur protokol kesehatan tidak dijalankan dengan ketat.",3,negative
51,https://www.zomato.com/jakarta/saltesse-sunter/reviews,"GrabFood ini karena cari yang nearby dari kantor dan gak antri.
Order Chicken Mentai something, yang dateng kayak Chicken dipakein spicy mayo. Gak di-torch. Cuma berlumur saus yang cenderung rada asem (full mayo sih ini fix). Kuciwa. Gak sesuai dengan nama dishesnya banget sih sausnya.",2,negative
52,https://www.zomato.com/jakarta/saltesse-sunter/reviews,"Uda beberapa kali pengen cobain tapi gagal terus, lupa deh kosong menu nya atau tutup waktu itu. Jadi kali ini baru inget ternyata emang belom sempet cobain, jadi langsung order lagi deh. Soalnya kalo sempet mau cobain dan gagal pasti jadi lupa biasanya.
Jadi kali ini order buat makan siang karena males masak or ga mau ribet, saltesse ini model nya rice box jadi uda paling enak langsung makan dan habis tinggal dibuang aja.
Cobain yang Mentai Chicken Rice soalnya kelihatan paling menarik dan pas sampai pun menarik. Packing nya bagus dan aman banget deh, kotak nya kokoh dan tebel.
Pas buka kelihatan menarik banget dan wangi, ternyata pas dimakan zonk deh. Chicken nya keras banget sampe sakit gigi makan ini, untuk saos mentai nya sih biasa aja dan masih ok lha. Bused deh kayaknya goreng kelamaan apa frozen punya terus di goreng ga tau juga sih, keras nya parah banget dan hampir ga bisa dimakan.

Place : -
Price : 6.5/10
Taste : 4/10
Service : -

Overall sih kecewa sama rasanya padahal untuk harga juga ga terlalu murah, masih standard dan bisa makan yang lebih enak dengan harga segitu juga. Ga ngerti deh kenapa kayak gitu ayam nya.",2,negative
53,https://www.zomato.com/jakarta/saltesse-sunter/reviews,"Order â€œSambal Matah Chicken Riceâ€ dan dari segi rasa menurut saya cukup enak, sambal matahnya sih lumayan pedes, ga pelit kasihnya sesuai dgn banyaknya ayam dan nasi. Tekstur daging ayam quite good dan empuk, nasinya pun ok. Harganya juga murah standard.",3,negative
54,https://www.zomato.com/jakarta/saltesse-sunter/reviews,"Biasanya dengan aktifitas yang padat terkadang sampai lupa ya untuk makan siang, tapi menurut kita si dengan adanya ini bisa terbantu loh, dengan konsep yang sangat praktis sehingga di sela2 kesibukan kalian tetap bisa sambil isi perut...porsinya pun pas kok..tapi ada yang disayangkan, kalo buat kita yang pertama cobain si untuk rasa salted egg nya kurang berasa..",3,negative
55,https://www.zomato.com/jakarta/saltesse-sunter/reviews,"Aku pesen Salted Egg Chicken dan Mentai Chicken yang tanpa nasi, jadi satu box isinya ayam dengan telur ceplok gitu. Di sini salted eggnya ada dua tipe, yang aku pesen yang kering gitu, ada juga creamy salted egg. Yang salted egg rasanya asin, gurih, cukup berasa salted eggnya. Mentainya oke tapi kurang nendang rasanya. Menurut aku rasanya oke tapi ayamnya sedikit kurang juicy.",3,negative
56,https://www.zomato.com/jakarta/truffle-belly-gajah-mada/reviews,"rasa saus mushroomny ky gosong pahit, kgk ada rasa trufflenya sama sekali. ini makan yg cabang moi tp zomato blm ada.",1,negative
57,https://www.zomato.com/jakarta/truffle-belly-gajah-mada/reviews,"Penasaran mau coba nih Truffle Chicken with Mushroom Sauce

Chicken nya sih empuk enak dengan saus yang gurih nikmat tetapi sayang nih nasinya gak oke. Ada yang kurang matang jadi gak enjoy deh makannya â˜¹ï¸


Aku cobain di Gajah Mada Streetfood nih


Kurang tahu deh kalau di cabang lain

Semoga tidak terjadi lagi deh

Karena sayang banget gegara nasi kurang matang jadi males cobain lagi


Oh ya di sini bayarnya bisa pake e-wallet 


Banyak tempat duduk juga 
",2,negative
58,https://www.zomato.com/jakarta/truffle-belly-gajah-mada/reviews,"Aku order Truffle Chicken Rice with Mushroom Sauce, sebenernya sih ayamnya enak-enak aja, saus mushroomnya juga creamy dan lumayan enak tapi nasinya itu lohhh.. nasinya sebagian mateng sebagian lagi GA MATENG! Duh semoga bisa diperbaiki ya karena bikin kapok sih..... ",2,negative
59,https://www.zomato.com/jakarta/truffle-belly-gajah-mada/reviews,"sorry, but not my type. makanannya bau aneh gt wkwkw mungkin bumbu'nya(?) rasa b aja, dan untuk harga segini lumayan mahal cm segini doang, pesen 2 menu yg fav mereka chicken mentai sm chicken cheese(?) cheesenya cair kayak kuah sop gituu",2,negative
60,https://www.zomato.com/jakarta/truffle-belly-gajah-mada/reviews,"Masih ga ngerti kenapa ada kata2 ""truffle"", padahal sama sekali ga ada aroma/rasa truffle oil atau apalah gitu ya. Menurutku porsinya sangat pas bikin kenyang kalau pas laper banget. Ini aku BELI yang TRUFFLE CHICKEN RICE WITH MUSHROOM SAUCE. Jujur ayamnya enak, welldone, tepungnya ok. Bubuk cajunnya kurang, telurnya juga mantap Â½matang (mungkin bs rikues matang kalo yg ga doyan). Minusnya adalah.... MUSHROOM SAUCE KURANG ENAK, terlalu light. Plusnya ada irisan champignon, semoga sih pakenya fresh champignonğŸ¥°ğŸ¥°ğŸ¥°ğŸ¥°",3,negative
61,https://www.zomato.com/jakarta/mangkok-ku-2-tanjung-duren/reviews,"Endog with burger slice ğŸ¥©ğŸ¥¡25k:
Nasi putih pulen dibalut dengan telur lada dan daun bawang dibawah telur ada slice beef burger

Jadi disuapan pertama melted banget telurnya somehowğŸ¤¯ dan slice beef + mayo ini memang perpaduan yang pas banget ga terlalu asem mayonya dan bumbunya tidak terlalu asin juga ditambah daun bawang yang bikin wangi dan cocok dicampur dengan nasi

Dari aku bisa dicari burger slice yang lebih premium lagi agar bisa menyempurnakan cita rasa makanannya

4,5/5 â­ï¸

Sambal dabu-dabu ğŸŒ¶ 11k :
Ini sambelnya kenapa enak bangett??!! Padahal isinya irisan bawang putih, cabe rawit dll. Rasa pedes asem kecampur sempurnaa apalagi kl dimakan bareng nasii pokoknyaa cobain ajadehh",4,positive
62,https://www.zomato.com/jakarta/mangkok-ku-2-tanjung-duren/reviews,"untuk rasa sebenarnya oke, porsinya juga lumayan lah. tapi pengalaman saya mesan disini tuh nunggunya lama sekali. padahal tidak begitu ramai",3,negative
63,https://www.zomato.com/jakarta/mangkok-ku-2-tanjung-duren/reviews,"Makanan enak, porsi cukup lah klo utk cewek, klo utk cowok mungkin kurang banyak ya, kopinya enak. Harga murah, service cepat. Tapi kayaknya next time mending pesen online aja, parkir nya agak susah.",4,positive
64,https://www.zomato.com/jakarta/mangkok-ku-2-tanjung-duren/reviews,"Lagi didaerah sini keingeyan mangkokku. Mumpung ga antri saya takeaway dah. Saya beli yg endog with burger slice & mayo (19k).

Kalo takeaway kantongnya kena tambahan lagi 2k per kantong. Ini porsian dengan harga sibawah 20k masih worth it banget.

Rasanya juga tidak mengecewakan. Jadi inipaling bawahnya nasi semangkok, dikasi burger slice lalu mayo n telor yg modelan telornya rada creamy bercampur mayonya. Paling atas dikasi taburan lada kayaknya deh n daun bawang. Daun bawangnya jadi bikin makin wangi.

Rasa telor mayonya se kalau dilidah saya tidak terlalu gurih tapi enak aja dicampur sama nasinya masih anget n burger slicenya sedikit gurih. Pas disatuin jadi negpas deh rasa enaknya. Ga bikin enek.",4,positive
65,https://www.zomato.com/jakarta/mangkok-ku-2-tanjung-duren/reviews,"Pertama kali nyoba makan disini waktu baru2 buka dan lagi rame-ramenya. Penasaran dengan semua menu sih sebenernya. Tapi waktu itu coba Lidah dan Endog. Hal pertama yang ada dipikiran setelah nyicip, wah.. Enak!
Nyoba lidah yang dimasak dabu2 itu ga nyesel karena disini lidah ya ga amis dan bisa dimasak dengan baik, dabu2nya juga walaupun itu jatoh ya restoran ricebowl yang cepat penyajiannya.

Kedua nyoba endog dan wah gapernah seenak ini coba telor + ham sapi + plus topping lainnya itu dipadukan dalam satu makanan simple yg enak bgt! Murah lagi hahaha

Ketiga coba menu barunya yang Garlic Prawn, sama dengan Sebelum2nya memang gak mengecewakan sih hehe.

Cuma memang minuman2 yang ada disini belum bisa menyamakan rasa makannya menurutku. Walaupun ini resto gabungan dari beberapa orang terkenal, tp memang terbukti sih",4,positive
66,https://www.zomato.com/jakarta/mangkok-ku-2-tanjung-duren/reviews,"Untuk rasa makanannya enak, favku yg endog with curry sauce, comfort food bgt simple, sausnya jg ngga bikin enek, silahkan dicobağŸ˜Š",4,positive
67,https://www.zomato.com/jakarta/mangkok-ku-2-tanjung-duren/reviews,"Sering Makan Disini & Semua Menunya Recommended. Apalagi Harganya Masih Terbilang Murah, Sesuai Dengan Rasanya",5,positive
68,https://www.zomato.com/jakarta/mangkok-ku-2-tanjung-duren/reviews,"5/5 untuk onsen egg with burger slice, karena rasanya yg enak dan murah. Dari segi kuantitas juga ga pelit! Pas banget dimakan bareng nasi. Ox-tounge nya juga enak, walaupun mahal tapi porsinya banyak dan bikin kenyang!

Menu lain yg justru lebih mahal seperti fried chicken sama brisket malah aku kurang suka. Fried chicken sih oke, porsinya juga lumayan. Tapi brisketnya (terakhir kl pesen yg sama sambal korek bawang) too oily for me, jd buat tenggorokan ga enak dan makannya pun juga ga enjoy",4,positive
69,https://www.zomato.com/jakarta/mangkok-ku-2-tanjung-duren/reviews,"Bingung mau makan siang apa, ya udah cobain aja Mangkok Ku. Emang tau sih dari dulu ini viral dan selalu rame banget tapi hari ini pesen melalui ojek online pun juga agak lama, sampai mas ojeknya notifikasi harap sabar menunggu karena antrian panjang. Wow rupanya masih antri juga yah okelah ditunggu.

Pas dateng, Nasi disajikan dalam kotak bundar lalu di atasnya dikasih cap isi brisket onionnya dan onsen egg terpisah biar ga hancur. Setelah digabung semua nasi, daging, telur dan diaduk merata dankemudian dicoba, rasanya boleh juga. Enak.

Nasi pulen enak, irisan daging sapinya juga lumayan banyak, tebal juicy serta Onion Saucenya juga enak, pas gurihnya di lidah. Ditambah onsen egg yang bikin teksturnya masin nempel dan rich di mulut. Untuk harga emang agak mahal ini aja pesan karena memang kebetulan lagi ada diskon/promo di aplikasi.

",4,positive
70,https://www.zomato.com/jakarta/mangkok-ku-2-tanjung-duren/reviews,"Akhirnya cobain yang waktu itu super viral dan harus antri berjam2 buat cobain. Tapi baru sekarang cobain dan itupun pesen delivery karena lokasi nya lumayan jauh dari rumah. Kayaknya sih uda ga terlalu rame ya dan apalagi situasi sekarang ini kan ga mungkin rame juga.
Jadi aku cobain Brisket Onion Sauce with Onsen Egg, terlihat paling menarik di menu sih. Pas dateng kelihatan biasa aja dan onsen egg nya dipisah gitu biar aman kayaknya.
Ternyata emang rasanya enak sih meskipun emang harganya sedikit pricey.
Beef nya tipis dan daging nya juga lembut banget, sauce nya enak sih tapi bukan yang wow atau beda banget dari resto laen gitu. Terus onsen egg nya bikin rasa makin nikmat setelah di campur.
Ya ok lha rasanya enak kok tapi porsi nasi nya terlalu dikit menurutku, untuk coba sekali2 ok lha dan bukan yang bikin pengen lagi.

Place : -
Price : 6/10
Taste : 8/10
Service : -

Overall sih cukup ok dan mungkin worth it lha saat itu yang pada rela antri berjam2. Mungkin next time kalo pengen ya order lagi tapi cobain menu lain nya, soalnya lumayan kelihatan menarik semya soalnya.",4,positive
71,https://www.zomato.com/jakarta/mangkok-ku-2-tanjung-duren/reviews,"Coba pesan garlic prawn.
Banyak bgt butternya sampai banjir kayak kuah, pdhal di foto kayaknya garing, trus udangnya ditumis sampai trlihat kecoklatan...
judulnya garlic prawn tapi ga brasa bawang putihnya sama sekali, rasa agak hambar.
Tapi nasinya pulen mirip nasi jepang, udangnya fresh & ga pelit.
Overall B ajah.",3,negative
72,https://www.zomato.com/jakarta/legato-gelato-serpong-utara-tangerang/reviews,"Dtg malam malam banget .. pelayannya masih ramah dan melayani dengan baik.

Esnya enak dan ok rasanya. Pilihannya jg banyak.",4,positive
73,https://www.zomato.com/jakarta/legato-gelato-serpong-utara-tangerang/reviews,"Nyobain rasa strawberry cheesecake sama biscoff ğŸ‘ ğŸ‘ ğŸ‘ harganya juga murah. Cahaya lampunya kurang terang, jdi kalau foto kurang cakep",5,positive
74,https://www.zomato.com/jakarta/legato-gelato-serpong-utara-tangerang/reviews,Ini nagih banget!! Rasanya enak dengan harga yang murah bikin aku mau balik lagi kesini terus pokoknyaaaa. Sukses terussss jangan sampe turup tokonya dan harus punya banyak cabang lagi ya.,5,positive
75,https://www.zomato.com/jakarta/legato-gelato-serpong-utara-tangerang/reviews,"Ini si tempat ice cream termurah yang pernah aku makan, 2 scoop cone/cup cuma 30k. Aku pesen matcha x oreo cheese. Rasa bubuk matcha nya berasa bgd dan super less sweet (itu cocok buat pecinta matcha dan gk demen manis). Ini si es krim nya parah gk ngerti lagi enak bgd superrrr. Lalu Oreo cheese berasa bgd milky dan creamy bkin kenyang.
Service nya bagus, wktu aku pesen, mas nya baik kasih aku lebihan, jadi aku very satisfied! Worth IT bgd buat yg budget. Gk sabar buat coba rasa lain next time.",5,positive
76,https://www.zomato.com/jakarta/cold-moo-dharmawangsa/reviews,Anak beberapa kali minta kesini akhirnya jadi mampir. Saya sendiri minum kopi nya dan enak americano nya. Ice cream nya semua terlihat dan katanya enak. Harga sedikit premium. Antrian cukup panjang diatas tapi ternyata cepat.,4,positive
77,https://www.zomato.com/jakarta/cold-moo-dharmawangsa/reviews,"Kalo kalian mau makan ice creamnya langsung aja naik ke lt 2 karena pesenya di lt 2 juga. Gue dateng ber dua dan pesen banana krisps dan special of the day. Untuk yg special of the day itu basicnya sebenernya banana krisps tapi ditambahin oreo tapi rasanya bener bener jadi lebih enak ğŸ˜‹ dan beda sama banana krisps. Rasa ice creamnya gak terlalu manis dan pas aja di mulut gue. Texturnya slimy dan sticky gitu dan gak gampang cair bahkan kalo lo terbalikin mangkoknya pun dia gak akan tumpah. Porsinya banyak sih mungkin bisa untuk share ber 2, karena entah kenapa lama lama kaya boring gitu rasanya dimilut gue si banana krisps ini kalo kebanyakan. Tempat duduknya terbatas gak banyak dan itu dingiiin banget karena nyembur langsung ACnya. Akan balik lagi untuk coba rasa yg lain",5,positive
78,https://www.zomato.com/jakarta/cold-moo-dharmawangsa/reviews,"Es krim terenak di jkt menurut aku. Manis dan creamynya pas banget. Ga terlalu manis dan ga terlalu creamy banget, pas bgt deh pokoknya takarannya. Teksturnya sukaa. Sampe makan 1 cup doang rasanya kurang, pengen nambah lagi",5,positive
79,https://www.zomato.com/jakarta/bakmi-ahong-gajah-mada/reviews,saya pesan ayam 1 ekor dijawab dengan nada tinggi untuk menanyakan langsung ke yg motong ayamnya di dalam untuk ketersediaannya saya membatalkan pesanan saya karna sya melihat curut sliweran di dlm tempat pemotongan ayam yg mana digunakan juga sebagai kamar tidur.,1,negative
80,https://www.zomato.com/jakarta/bakmi-ahong-gajah-mada/reviews,"tidak gampang untuk mencapai tempat ini apalagi kalau meakai mobil kesininya, tempatnya juga kecil dipinggir kali gitu (krng nyaman)

tapi soal rasa kelezatan ayam rebus pek cam kee nya memang bikin nagih, kuah kaldunya juga gurih lezat makanya dibela belain dah makan kesini",3,negative
81,https://www.zomato.com/jakarta/bakmi-ahong-gajah-mada/reviews,"bakmi ahong ini di pinggir kali daerah gajah mada tapi lokasi na agak susah dicari.

tekstur mie na agak keras tapi daging ayam na enak. baso goreng, pangsit kuah dab baso kuah na lumayan enak.

harga mie nya murah yaitu 18k untuk seporsi mie ayam saja. selain mie dan pangsit, mie ahong ini juga jual sate, swekiau dan ayam rebus.

yang kurang hanya meja nya dikit dan tempat na di pinggir kali, jadi pas makan bisa kecium bau2 yang gak enak dari kali ğŸ˜…",3,negative
82,https://www.zomato.com/jakarta/bakmi-ahong-gajah-mada/reviews,"Pertama tau tempat ini karena info dari teman katanya terkenal di daerah itu, jadi penasaran langsung cari2 deh. Mungkin kalau bukan orang yang tau jalan disana agak sulit carinya karena posisi di gang yg cuma bisa masuk motor. Utk lokasi tempat sendiri persis di sebelah kali yg agak kurang enak dipandang hehehe tp lebih enak pilih tempat duduk di luar karena lebih adem. Melihat tempatnya yg terkesan tua tapi tetap bersih. Untuk makanannya tekstur bakmi seperti mie garing, daging ayamnya gurih dengan rasa asin yg lbh menonjol, kuah pendampingnya kaldu ayamnya sangat terasa. Overal menurut saya patut dicoba karena enaak banget. Karena baru pertama kali kesana saya hanya coba bakmi nya, next visit saya mau coba pek cam kee nya yg terkenal itu.",3.5,positive
83,https://www.zomato.com/jakarta/bakmi-ahong-gajah-mada/reviews,Bakminya enak banget! Wajib cobain ayam rebusnya juga! Perfect combinationnya adalah makan bakmi dengan ayam rebus dan bakso ikan. Dijamin gagal diet!,5,positive
84,https://www.zomato.com/jakarta/wing-heng-hongkong-dim-sum-shop-pluit/reviews,"enak banget guyss yuhuu murah meriah lagi..
beli 3 hakau 3 shumay ayam 1 nasi ayam talas wowww gilaa hakau nya bs enak bgt gini ampe terheran2.. shumaynya jg enak bgt super moisttt... luv! minum teh tawar 2 sm mineral water cm habis 230rb ajaa kenyang polll super recommended!",5,positive
85,https://www.zomato.com/jakarta/wing-heng-hongkong-dim-sum-shop-pluit/reviews,"bakpao telur asinnya enak banget lumer, bakpao bakar casio nya jugaaa rate 5/5 dari saya, baru kali ini suka sama cakwe terutama mayo nya the best. pelayanannya juga ramah, tempatnya besar luas, servicenya juga okee banget cepat. bakal balik lagi sih ke wingheng muara karang buat nyobain menu yang lain.",5,positive
86,https://www.zomato.com/jakarta/wing-heng-hongkong-dim-sum-shop-pluit/reviews,"Dimsum paling oke rasanya sejauh ini. Harganya juga gak mahal, hanya saja, parkirannya susah. Tapi gak nyesel buat yg ngidam dimsum buqt makan disini.",5,positive
87,https://www.zomato.com/jakarta/wing-heng-hongkong-dim-sum-shop-pluit/reviews,"Wuhuuuu! Saking udah lama ga mam wing heng, sekali pernah beli lagi, eh pas dikantor jd kepengen mabar, makan bareng! Lol.

Aku pesan:
2 hakau
1 ini aku lupa apa ya, kyk steam pake kulit pangsit.
1 pao telur asin : naaah! Ni pao enaaaak isian lumer ga amis. Sepertinya beneran pake telur asin jg bukan essense

Shoooo gewd! Ini cemilan jam 10 pagi HAHA",4,positive
88,https://www.zomato.com/jakarta/seafood-mulyono-94-gunung-sahari/reviews, rasany so so si.. malah cenderung gk enak.. tmpt yg krg hygiene.. udang kcil2.. masak lama.. overhyped.. rate *1 dl dah..,1,negative
89,https://www.zomato.com/jakarta/seafood-mulyono-94-gunung-sahari/reviews,"Pesen via ojol, aku pesen cumi goreng mentega sama kerang hijau saos padang. Untuk cuminya lumayan banyak porsinya tapi rasanya standar lah, cuma kecewa banget sama kerang daranya. Kerangnya kayak udah keras gitu dan warnanya item banget, pas dimakan rada susah dan jadi takut juga karena tekstur dan warnanya aneh. Untuk harganya yang tertera di aplikasi ojol juga beda sama aslinya yang katanya udah naik",2,negative
90,https://www.zomato.com/jakarta/seafood-mulyono-94-gunung-sahari/reviews,"Buat pelayanannya disini cepet banget, tempat makannya rame tapi makanan udah mulai dateng ga sampe 10 menit.
Rasanya cukup oke, cumi goreng tepungnya garing, kerang daranya sedikit bau amis, kangkungnya standar.
Minusnya dari harga, ngitung harganya beda2 kadang pesen kepiting harganya 140rb kadang 190rb kadang 175rb pdhl ukurannya sama aja.",3,negative
91,https://www.zomato.com/jakarta/seafood-mulyono-94-gunung-sahari/reviews,"Sebagai penyuka makanan seafood kecewa skali dgn rasa jg masakan yang didapat dn tdk rekomen. Tempatnya sih luas, lokasi dkt dgn mangga dua dn persis pinggir kali di jalan hidup baru. Agak aneh baru duduk dan pesen dgn kondisi yang lumayan rame masakan nya cpt bgt sampe dimeja. Pesen udang goreng tepung, cumi saus tiram (biasa banget), kerang ijo rebus, ikan kuwe bakar, dan sayur kangkung. Semua nya dingin gk fresh, gk seperti hbs dimasak. Utk ikan nya jg masih berasa amis dan ikan nya kecil harga 75rb gk tau cara ngitung berdasarkan ukuran atw berat. Kebersihan dr tmptnya sendiri jg kurang. Utk harga tdk sebanding dgn penyajian nya. Gak worthied dn sorry to says gk akan balik lagi.",2,negative
92,https://www.zomato.com/jakarta/seafood-mulyono-94-gunung-sahari/reviews,"Pelayanan lama sekali, tastenya b bgt, compare to seafood 68 santa jauh bgt.
Even mau bayar pun nunggu bill datang jg lama.",1,negative
93,https://www.zomato.com/jakarta/seafood-mulyono-94-gunung-sahari/reviews,"Sudah lama mendengar seafood ini dan tertarik untuk mencoba. Pelayanannya cepat namun dibalik kecepatannya itu mereka tidak memasak dari awal, sehingga makanan tdk fresh, semua yg direkomendasikan oleh teman2 seperti cumi goreng tepung, kerang dara, ikan bakar jauh diluar ekspektasi saya. Sebagai penggemar/ seafood mania tempat ini tidak di recommend.",2,negative
94,https://www.zomato.com/jakarta/seafood-mulyono-94-gunung-sahari/reviews,"Sorry to say, awal sih masih enak 3 bulan belakangan tp saat hari ini datang waktu h 3 lebaran super ramai dan soal taste sudah sngat berkurang, seperti kerang saos padang yg tdk berasa kaldunya dan seperti uda dingin, cumi bakar pun berasa seperti cumi kemarin dimasak, untuk kesini lagi mesti mikir lg krn pngalaman hari ini sih",2,negative
95,https://www.zomato.com/jakarta/seafood-mulyono-94-gunung-sahari/reviews,"Ga ngeri kenapa seafood ini selalu rame padahal jorok dan ga murah2 banget.
Kemaren beli cumi goreng tepung, kerang dara rebus, dan cah kangkung terasi dibungkus.
Saya dikasih cumi goreng tepung yang sudah mereka siapkan alias udah digoreng jd ga garing dan dikasih cah kangkung terasi yang sudah mereka masak sebelumnya disusun jd udah ga enak lagi.
Saya nanya apakah cah kangkung nya baru dimasak, dijawab iya baru kok mbak. Saya minta tukar dengan dibuatkan yang baru, lalu pelayan yg melayani saya hilang entah kemana.
Saya ini beli, bukan minta2 maaasss..
Tolong hormati pembeli.",1,negative
96,https://www.zomato.com/jakarta/seafood-mulyono-94-gunung-sahari/reviews,"Tempat seafood favorit dr zaman masi cilik. Pulang ancol abis berenang laper makan kesini. Enak selalu , fresh , murah, tmptnya aja duh kotor.. tp skr mending sih kl duduknya di tmpt parkit itu. Terang dan mayan bersih. Pegawainya super banyak.
Kalo kesini pesan aja selain kepiting, disini masak kepitingnya kurang Tp semua sisanya enak.",3,negative
97,https://www.zomato.com/jakarta/seafood-mulyono-94-gunung-sahari/reviews,ini seafood yang cukup ramai .. tapi saat saya kunjungi makanan yg saya makan udah ga panas seperti baru dari kompor .. hanya makanan yang tertentu aja yg masih panas .. untuk pelayannyaa kurang ramah mungkin karna ramainya pengunjung .. untuk lokasinyaa gmudah ditemui,2.5,negative
98,https://www.zomato.com/jakarta/seafood-mulyono-94-gunung-sahari/reviews,"Makan disini waktu malam minggu, yg udah pasti rame bgt..
Dr segi tempat menurut gw jorok bgt, bukan dr tisu yg berserakan aja tp ketika gw pesen minuman alangkah kagetnya gw msh ada nodanya gitu.. Meja jg kotor, lengket, brminyak yg bikn selera mkn agak brkurang.. Kalo dr harga trjangkau si, ga trlalu mahal n ga murah jg.. Makanannya jg biasa aja, ga yg WoW bgt.. Mikir2 lg kalo harus dtg utk yg ke2 kalinya..",1.5,negative
99,https://www.zomato.com/jakarta/seafood-mulyono-94-gunung-sahari/reviews,"Semalam coba makan disini, gila cepet banget makanannya keluar.
Paling kaget pas ikan bakar sampai meja padahal pesan belum ada 10 menit, bahkan minum sama nasinya aja belum sampai meja lol.
Si suami sih bilang standard, tapi gue bilang kok gak gitu enak ya.

What we order:
- Ikan Kuwe Bakar (65k)
Ikannya dibakar alakadarnya, minimalis banget bumbunya gak nyerap ke dagingnya sama sekali dan rada amis.
Untuk ikan kuwe sekecil itu (350gr), dibandrol 65rb, agak sedih pas bayar.

- Udang Saos Padang (38k)
Udangnya digoreng dulu kayaknya makanya kulitnya garing, terus saosnya gak pedes sama sekali.
1 porsi dikasih 5 pcs udang yang lumayan besar.

- Cumi Goreng Tepung (40k)
Cumi goreng tepungnya agak buru-buru kayaknya gorengnya, sampai jadi 1 buntelan gede gitu, isinya tepung semua lol. Disini tepungnya bukan yang super crunchy, tapi ada rasa gurih-gurihnya

- Tumis Kangkung (12k)
Tumis kangkungnya ok lah, lumayan pedas juga. Bumbunya lumayan enak.

- Nasi Putih 2 piring (10k)
- Es Teh Tawar (5k)
- Teh Tawar Hangat (1k)
- Es Jeruk Murni (10k)

Total damage 181k

Balik lagi apa engga kesini? Kayaknya enggak sih. Soalnya gak ada yang berkesan gimana-gimana dan harganya gak bisa dibilang murah juga untuk porsi seperti itu.",2.5,negative
100,https://www.zomato.com/jakarta/seafood-mulyono-94-gunung-sahari/reviews,"Gua kesini jam 7malem.. Tempatnya pinggir jalan tapi ga sempit... Mayan lah. Pas pertama kali datang dan duduk lu langsung dikasih menu, nasi dam saos.. Galama abis lu pesen, beberapa menit kemudian menu yg lu pesen langsung dateng.. Im happy karna gausah nunggu lama wkwk menurut gua seafoodnya kurang fresh tp notbad lah... Ga mahal juga...",2.5,negative